{
  "cities": [
    { "city": "Bomdila", "score": 3.8, "status": "Safe" },
    { "city": "Pasighat", "score": 3.8, "status": "Safe" },
    { "city": "Itanagar", "score": 3.6, "status": "Safe" },
    { "city": "Kaziranga", "score": 4.3, "status": "Very Safe" },
    { "city": "Sivasagar", "score": 4.2, "status": "Very Safe" },
    { "city": "Dibrugarh", "score": 4.0, "status": "Very Safe" },
    { "city": "Bishnupur", "score": 3.0, "status": "Safe" },
    { "city": "Thoubal", "score": 2.9, "status": "Moderate" },
    { "city": "Moirang", "score": 3.0, "status": "Safe" },
    { "city": "Mawlynnong", "score": 3.4, "status": "Safe" },
    { "city": "Jowai", "score": 3.3, "status": "Safe" },
    { "city": "Nongpoh", "score": 3.2, "status": "Safe" },
    { "city": "Lunglie", "score": 3.6, "status": "Safe" },
    { "city": "Champai", "score": 3.5, "status": "Safe" },
    { "city": "Serchhip", "score": 3.6, "status": "Safe" },
    { "city": "Dimapur", "score": 3.2, "status": "Safe" },
    { "city": "Kohima", "score": 3.3, "status": "Safe" },
    { "city": "Mokokchung", "score": 3.4, "status": "Safe" },
    { "city": "Unakoti", "score": 3.8, "status": "Safe" },
    { "city": "Udaipur", "score": 3.7, "status": "Safe" },
    { "city": "Jampui Hill", "score": 3.9, "status": "Safe" },
    { "city": "Pelling", "score": 3.4, "status": "Safe" },
    { "city": "Lachung", "score": 3.3, "status": "Safe" },
    { "city": "Namchi", "score": 3.5, "status": "Safe" },
    { "city": "Guwahati", "score": 3.5, "status": "Safe" },
    { "city": "Shillong", "score": 4.6, "status": "Very Safe" },
    { "city": "Tawang", "score": 4.5, "status": "Very Safe" },
    { "city": "Ziro", "score": 4.4, "status": "Very Safe" },
    { "city": "Majuli", "score": 4.2, "status": "Very Safe" },
    { "city": "Dawki", "score": 4.3, "status": "Very Safe" },
    { "city": "Gangtok", "score": 3.5, "status": "Safe" },
    { "city": "Cherrapunji", "score": 3.5, "status": "Safe" },
    { "city": "Aizawl", "score": 4.2, "status": "Very Safe" },
    { "city": "Imphal", "score": 1.5, "status": "Use Caution" },
    { "city": "Rishikesh", "score": 4.1, "status": "Very Safe" },
    { "city": "Nainital", "score": 4.0, "status": "Very Safe" },
    { "city": "Dehradun", "score": 3.9, "status": "Safe" },
    { "city": "Mussoorie", "score": 3.8, "status": "Safe" }
  ]
}
